model	objective	reaction	flux	status	minimum	maximum (optPercentage = 100)
iJR904.xml	obj	ALATA_L2	0.000000	optimal	0.000000	0.000012
iJR904.xml	obj	ALAabc	0.000000	optimal	0.000000	0.000027
iJR904.xml	obj	ALAt2r	0.000000	optimal	-0.000027	0.000000
iJR904.xml	obj	ALCD19	0.000000	optimal	-0.000002	0.000000
iJR904.xml	obj	ALDD19xr	0.000000	optimal	0.000000	0.000000
iJR904.xml	obj	ALDD2x	0.000000	optimal	0.000000	0.000007
iJR904.xml	obj	ALLTAHr	0.000000	optimal	0.000000	0.000000
iJR904.xml	obj	ALLTN	0.000000	optimal	0.000000	0.000000
iJR904.xml	obj	ALLTNt2r	0.000000	optimal	0.000000	0.000000
iJR904.xml	obj	ABTA	0.000000	optimal	0.000000	0.000027
iJR904.xml	obj	ABUTD	0.000000	optimal	0.000000	0.000007
iJR904.xml	obj	ALTRH	0.000000	optimal	0.000000	0.000000
iJR904.xml	obj	AMALT1	0.000000	optimal	0.000000	0.000000
iJR904.xml	obj	AMALT2	0.000000	optimal	0.000000	0.000000
iJR904.xml	obj	AMALT3	0.000000	optimal	0.000000	0.000000
iJR904.xml	obj	AMALT4	0.000000	optimal	0.000000	0.000000
iJR904.xml	obj	AMANAPEr	0.000000	optimal	0.000000	0.000000
iJR904.xml	obj	AMANK	0.000000	optimal	0.000000	0.000000
iJR904.xml	obj	ABUTt2r	0.000000	optimal	0.000000	999999.000000
iJR904.xml	obj	AMAOTr	0.000000	optimal	0.000000	0.000000
iJR904.xml	obj	AMMQT8_2	0.000000	optimal	0.000000	0.000000
iJR904.xml	obj	ACACCT	0.000000	optimal	0.000000	0.000000
iJR904.xml	obj	ACACT1r	0.000000	optimal	0.000000	0.000000
iJR904.xml	obj	12PPDt	0.000000	optimal	0.000000	0.000000
iJR904.xml	obj	AMPMS	0.000000	optimal	0.000000	0.000000
iJR904.xml	obj	AMPN	0.000000	optimal	0.000000	0.000021
iJR904.xml	obj	ACACt2	0.000000	optimal	0.000000	0.000000
iJR904.xml	obj	ANPRT	0.049785	optimal	0.049785	0.049786
iJR904.xml	obj	ACALD	0.000000	optimal	0.000000	0.000012
iJR904.xml	obj	ANS	0.049785	optimal	0.049785	0.049786
iJR904.xml	obj	AOXSr	0.000000	optimal	0.000000	0.000000
iJR904.xml	obj	ACALDt	0.000000	optimal	-0.000002	0.000000
iJR904.xml	obj	ACBIPGT	0.000000	optimal	0.000000	0.000000
iJR904.xml	obj	ACCOAC	2.126738	optimal	2.126738	2.126758
iJR904.xml	obj	ACCOAL	999995.438376	optimal	0.000000	999999.000000
iJR904.xml	obj	ACGAMT	0.000000	optimal	0.000000	0.000000
iJR904.xml	obj	2DGLCNRx	0.000000	optimal	0.000000	0.000000
iJR904.xml	obj	2DGLCNRy	0.000000	optimal	0.000000	0.000000
iJR904.xml	obj	ACGApts	0.000000	optimal	0.000000	0.000000
iJR904.xml	obj	ACGK	0.297789	optimal	0.297789	0.297810
iJR904.xml	obj	ACGS	0.297789	optimal	0.297789	0.297810
iJR904.xml	obj	ACHBS	0.254458	optimal	0.254458	0.254458
iJR904.xml	obj	AP4AH	0.000000	optimal	0.000000	0.000000
iJR904.xml	obj	ACKr	0.528146	optimal	0.528126	0.528167
iJR904.xml	obj	ACLS	0.765271	optimal	0.765271	0.765272
iJR904.xml	obj	AP5AH	0.000000	optimal	0.000000	0.000000
iJR904.xml	obj	ACMAMUT	0.000000	optimal	0.000000	0.000000
iJR904.xml	obj	2DGULRx	0.000000	optimal	0.000000	0.000000
iJR904.xml	obj	APRAUR	0.000009	optimal	0.000009	0.000009
iJR904.xml	obj	2DGULRy	0.000000	optimal	0.000000	0.000000
iJR904.xml	obj	ARAI	0.000000	optimal	0.000000	0.000000
iJR904.xml	obj	ACMANApts	0.000000	optimal	0.000000	0.000000
iJR904.xml	obj	ACNAMt2	0.000000	optimal	0.000000	0.000000
iJR904.xml	obj	3HCINNMH	0.000000	optimal	0.000000	0.000000
iJR904.xml	obj	ARBabc	0.000000	optimal	0.000000	0.000027
iJR904.xml	obj	3HPPPNH	0.000000	optimal	0.000000	0.000000
iJR904.xml	obj	4HTHRS	0.000000	optimal	0.000000	0.000000
iJR904.xml	obj	ACNML	0.000000	optimal	0.000000	0.000000
iJR904.xml	obj	ACOATA	0.296222	optimal	-0.000021	0.296223
iJR904.xml	obj	ACODA	0.297789	optimal	0.297789	0.297810
iJR904.xml	obj	ACONMT	0.000000	optimal	0.000000	0.000000
iJR904.xml	obj	ARBt2r	0.000000	optimal	-0.000027	0.000000
iJR904.xml	obj	ACONT	5.046148	optimal	5.046131	5.046197
iJR904.xml	obj	ACOTA	-0.297789	optimal	-0.297810	-0.297789
iJR904.xml	obj	ACPS1	0.000000	optimal	0.000000	0.000000
iJR904.xml	obj	5DGLCNR	0.000000	optimal	-0.000001	0.000000
iJR904.xml	obj	A5PISO	0.038722	optimal	0.038722	0.038722
iJR904.xml	obj	AACPS1	0.000000	optimal	0.000000	0.000000
iJR904.xml	obj	AACPS2	0.000000	optimal	0.000000	0.000000
iJR904.xml	obj	ACS	0.000000	optimal	0.000000	0.000021
iJR904.xml	obj	ACt2r	0.000000	optimal	-0.000004	0.000000
iJR904.xml	obj	ADA	0.000000	optimal	0.000000	0.000017
iJR904.xml	obj	ADCL	0.046097	optimal	0.046097	0.046097
iJR904.xml	obj	ADCS	0.046097	optimal	0.046097	0.046097
iJR904.xml	obj	AACPS3	0.000000	optimal	0.000000	0.000003
iJR904.xml	obj	AACPS4	0.000000	optimal	0.000000	0.000001
iJR904.xml	obj	ADD	0.000000	optimal	0.000000	0.000017
iJR904.xml	obj	ARGDC	0.000000	optimal	0.000000	0.000006
iJR904.xml	obj	ADEt2	0.000000	optimal	-0.000001	0.000000
iJR904.xml	obj	AACPS5	0.000000	optimal	0.000000	0.000004
iJR904.xml	obj	AADDGT	0.000000	optimal	0.000000	0.000000
iJR904.xml	obj	ADHEr	0.000000	optimal	0.000000	0.000002
iJR904.xml	obj	ARGORNt7	0.000000	optimal	-0.000027	0.000000
iJR904.xml	obj	ADK1	999999.000000	optimal	-999996.155731	999999.000000
iJR904.xml	obj	ADK3	-999996.870765	optimal	-999996.870765	999998.284967
iJR904.xml	obj	ADK4	0.000000	optimal	0.000000	0.000000
iJR904.xml	obj	AB6PGH	0.000000	optimal	0.000000	0.000000
iJR904.xml	obj	ADMDC	0.006454	optimal	0.006454	0.006454
iJR904.xml	obj	ARGSL	0.259067	optimal	0.259067	0.259073
iJR904.xml	obj	ADNCYC	0.000000	optimal	0.000000	0.000000
iJR904.xml	obj	ARGSS	0.259067	optimal	0.259067	0.259073
iJR904.xml	obj	ADNK1	0.006454	optimal	0.006433	0.483121
iJR904.xml	obj	ADNt2_copy1	0.000000	optimal	0.000000	999999.000000
iJR904.xml	obj	C120SN	0.038722	optimal	0.038722	0.038722
iJR904.xml	obj	ARGabc	0.000000	optimal	0.000000	0.000027
iJR904.xml	obj	ADNt2_copy2	0.000000	optimal	-999999.000000	0.000000
iJR904.xml	obj	ADOCBIK	0.000000	optimal	0.000000	0.000000
iJR904.xml	obj	ASAD	-0.460605	optimal	-0.460723	-0.460605
iJR904.xml	obj	ADOCBLS	0.000000	optimal	0.000000	0.000000
iJR904.xml	obj	ADPT	0.000000	optimal	0.000000	0.000021
iJR904.xml	obj	ASNN	0.000000	optimal	0.000000	0.000010
iJR904.xml	obj	ADSK	0.214868	optimal	0.214868	0.214868
iJR904.xml	obj	ADSL1r	0.266903	optimal	0.266903	0.266920
iJR904.xml	obj	ADSL2r	0.440607	optimal	0.440607	0.440608
iJR904.xml	obj	ADSS	0.266903	optimal	0.266903	0.266920
iJR904.xml	obj	AGDC	0.000000	optimal	0.000000	0.000000
iJR904.xml	obj	C140SN	0.012739	optimal	0.012739	0.012740
iJR904.xml	obj	C141SN	0.012488	optimal	0.012488	0.012488
iJR904.xml	obj	C160SN	0.089912	optimal	0.089912	0.089913
iJR904.xml	obj	C161SN	0.017483	optimal	0.017483	0.017483
iJR904.xml	obj	C181SN	0.124878	optimal	0.124878	0.124878
iJR904.xml	obj	CADVt	0.000000	optimal	0.000000	0.000001
iJR904.xml	obj	AGMHE	0.023233	optimal	0.023233	0.023233
iJR904.xml	obj	ASNS1	0.000000	optimal	0.000000	0.000021
iJR904.xml	obj	AGMT	0.000000	optimal	0.000000	0.000006
iJR904.xml	obj	AGPR	-0.297789	optimal	-0.297810	-0.297789
iJR904.xml	obj	ASNS2	0.211126	optimal	0.211106	0.211136
iJR904.xml	obj	ASNabc	0.000000	optimal	0.000000	0.000027
iJR904.xml	obj	ASNt2r	0.000000	optimal	-0.000027	0.000000
iJR904.xml	obj	AHCi	0.000000	optimal	0.000000	0.000000
iJR904.xml	obj	AHCYSNS	0.000000	optimal	0.000000	0.000000
iJR904.xml	obj	CAT	0.000000	optimal	0.000000	0.000016
iJR904.xml	obj	CBIAT_DELETE	0.000000	optimal	0.000000	0.000000
iJR904.xml	obj	ASP1DC	0.000054	optimal	0.000054	0.000054
iJR904.xml	obj	CBL1abc	0.000000	optimal	0.000000	0.000000
iJR904.xml	obj	CBLAT_DELETE	0.000000	optimal	0.000000	0.000000
iJR904.xml	obj	AICART	0.523583	optimal	0.523583	0.523584
iJR904.xml	obj	AIRC2	0.440607	optimal	0.440607	0.440608
iJR904.xml	obj	AIRC3	-0.440607	optimal	-0.440608	-0.440607
iJR904.xml	obj	AKGDH	4.022232	optimal	4.022124	4.022281
iJR904.xml	obj	ASPCT	0.290506	optimal	0.290506	0.290508
iJR904.xml	obj	AKGt2r	0.000000	optimal	-0.000001	0.000000
iJR904.xml	obj	ALAALAr	0.025446	optimal	0.025446	0.025446
iJR904.xml	obj	ALAR_copy1	0.050892	optimal	-999998.949108	0.050910
iJR904.xml	obj	ALAR_copy2	0.000000	optimal	0.000000	999999.000000
iJR904.xml	obj	ALATA_D2	0.000000	optimal	0.000000	0.000012
iJR904.xml	obj	CBMKr	0.549573	optimal	0.549563	0.549579
iJR904.xml	obj	CBPS	0.000000	optimal	0.000000	0.000010
iJR904.xml	obj	CDAPPA_EC	0.000000	optimal	0.000000	0.000010
iJR904.xml	obj	CDPMEK	0.000000	optimal	0.000000	0.000000
iJR904.xml	obj	ALATA_L	-999999.000000	optimal	-999999.000000	-0.526248
iJR904.xml	obj	CHLabc	0.000000	optimal	0.000000	0.000027
iJR904.xml	obj	ASPK	0.460605	optimal	0.460605	0.460723
iJR904.xml	obj	CHLt2	0.000000	optimal	-0.000027	0.000000
iJR904.xml	obj	CHORM	0.283038	optimal	0.283038	0.283039
iJR904.xml	obj	DASYN_EC	0.140367	optimal	0.140367	0.140377
iJR904.xml	obj	ASPO3_1	0.002517	optimal	0.000000	0.002517
iJR904.xml	obj	CHORS	0.378921	optimal	0.378921	0.378921
iJR904.xml	obj	CHRPL	0.000000	optimal	0.000000	0.000000
iJR904.xml	obj	ASPO4_1	0.000000	optimal	0.000000	0.002517
iJR904.xml	obj	CINNDO	0.000000	optimal	0.000000	0.000000
iJR904.xml	obj	CITL	0.000000	optimal	0.000000	0.000021
iJR904.xml	obj	ASPO5_1	0.000000	optimal	0.000000	0.002517
iJR904.xml	obj	CITt7	0.000000	optimal	0.000000	0.000000
iJR904.xml	obj	DB4PS	0.000018	optimal	0.000018	0.000019
iJR904.xml	obj	CLPNS_EC	0.005947	optimal	0.005947	0.005947
iJR904.xml	obj	ASPO6_1	0.000000	optimal	0.000000	0.000033
iJR904.xml	obj	CMPN	0.000000	optimal	0.000000	0.000007
iJR904.xml	obj	DBTS	0.000000	optimal	0.000000	0.000000
iJR904.xml	obj	CO2t	-21.777023	optimal	-21.777027	-21.777012
iJR904.xml	obj	ASPT	0.000000	optimal	0.000000	0.000092
iJR904.xml	obj	DCTPD	0.000000	optimal	0.000000	0.000010
iJR904.xml	obj	CPPPGO	0.000000	optimal	0.000000	0.000000
iJR904.xml	obj	ASPTA	-2.142512	optimal	-2.142630	-2.142512
iJR904.xml	obj	CRNBTCT	0.000000	optimal	0.000000	0.000000
iJR904.xml	obj	CRNCBCT	0.000000	optimal	0.000000	0.000000
iJR904.xml	obj	DCYTD	0.000000	optimal	0.000000	0.000010
iJR904.xml	obj	ASPabc	0.000000	optimal	0.000000	0.000000
iJR904.xml	obj	DCYTt2	0.000000	optimal	0.000000	0.000000
iJR904.xml	obj	DDGALK	0.000000	optimal	0.000000	0.000000
iJR904.xml	obj	DDGLCNt2r	0.000000	optimal	0.000000	0.000000
iJR904.xml	obj	DDGLK	0.000000	optimal	0.000000	0.000000
iJR904.xml	obj	CRNCDH	0.000000	optimal	0.000000	0.000000
iJR904.xml	obj	CRNt7	0.000000	optimal	0.000000	0.000000
iJR904.xml	obj	CS	5.046148	optimal	5.046131	5.046197
iJR904.xml	obj	CSND	0.000000	optimal	0.000000	0.000007
iJR904.xml	obj	CSNt2	0.000000	optimal	0.000000	0.000000
iJR904.xml	obj	DDPA	0.378921	optimal	0.378921	0.378921
iJR904.xml	obj	DDPGALA	0.000000	optimal	0.000000	0.000000
iJR904.xml	obj	DGK1	-0.476647	optimal	-0.476659	0.000010
iJR904.xml	obj	ASPt2r	0.000000	optimal	0.000000	0.000000
iJR904.xml	obj	DGSNt2	0.000000	optimal	0.000000	0.000000
iJR904.xml	obj	DHAD1	0.765271	optimal	0.765271	0.765272
iJR904.xml	obj	DHAD2	0.254458	optimal	0.254458	0.254458
iJR904.xml	obj	CTPS2	0.139583	optimal	0.139583	0.139593
iJR904.xml	obj	CYANST	0.000000	optimal	0.000000	0.000000
iJR904.xml	obj	CYNTAH	0.000000	optimal	0.000000	0.000000
iJR904.xml	obj	DHAPT	0.000000	optimal	0.000000	0.417367
iJR904.xml	obj	CYNTt2	0.000000	optimal	0.000000	0.000000
iJR904.xml	obj	ASPt2_2	0.000000	optimal	0.000000	0.000000
iJR904.xml	obj	CYSDS	0.000000	optimal	0.000000	0.000009
iJR904.xml	obj	DHAt	0.000000	optimal	-0.000002	0.000000
iJR904.xml	obj	DHBD	0.000000	optimal	0.000000	0.000000
iJR904.xml	obj	DHBSr	0.000000	optimal	0.000000	0.000000
iJR904.xml	obj	CYSS	0.214868	optimal	0.214868	0.214878
iJR904.xml	obj	CYSTL	0.134604	optimal	0.134604	0.134604
iJR904.xml	obj	DHCIND	0.000000	optimal	0.000000	0.000000
iJR904.xml	obj	ASPt2_3	0.000000	optimal	0.000000	0.000000
iJR904.xml	obj	DHCINDO_1	0.000000	optimal	0.000000	0.000000
iJR904.xml	obj	DHDPRy	0.326001	optimal	0.326001	0.326002
iJR904.xml	obj	CYSabc	0.000000	optimal	0.000000	0.000000
iJR904.xml	obj	CYTBD	0.000000	optimal	0.000000	0.000164
iJR904.xml	obj	AST	0.000000	optimal	0.000000	0.000003
iJR904.xml	obj	CYTBO3	39.843868	optimal	39.843712	39.843876
iJR904.xml	obj	CYTD	0.000000	optimal	0.000000	0.000007
iJR904.xml	obj	CYTDK2	0.000000	optimal	0.000000	0.000021
iJR904.xml	obj	CYTDt2_copy1	999999.000000	optimal	0.000000	999999.000000
iJR904.xml	obj	DHDPS	0.326001	optimal	0.326001	0.326002
iJR904.xml	obj	DHFR	0.068870	optimal	0.068870	0.068870
iJR904.xml	obj	DHFS_1	0.046097	optimal	0.046097	0.046097
iJR904.xml	obj	DHNAOT	0.000000	optimal	0.000000	0.000000
iJR904.xml	obj	ATPM	7.600000	optimal	7.600000	7.600000
iJR904.xml	obj	DHNPA2r	0.046097	optimal	0.046097	0.046097
iJR904.xml	obj	DHORD2	0.290506	optimal	0.000000	0.290508
iJR904.xml	obj	CYTDt2_copy2	-999999.000000	optimal	-999999.000000	0.000000
iJR904.xml	obj	CYTK1	0.163654	optimal	0.163647	0.163664
iJR904.xml	obj	CYTK2	0.000000	optimal	-0.000010	0.000010
iJR904.xml	obj	DHORD5	0.000000	optimal	0.000000	0.290508
iJR904.xml	obj	DHORTS	-0.290506	optimal	-0.290508	-0.290506
iJR904.xml	obj	ATPPRT	0.082975	optimal	0.082975	0.082976
iJR904.xml	obj	DHPPD	0.000000	optimal	0.000000	0.000000
iJR904.xml	obj	DAAD	0.000000	optimal	0.000000	0.000019
iJR904.xml	obj	ATPS4r	53.505606	optimal	53.505566	53.505633
iJR904.xml	obj	DADA	0.000000	optimal	0.000000	0.000017
iJR904.xml	obj	DADK	0.000000	optimal	-0.476659	0.000010
iJR904.xml	obj	DHPPDA2	0.000009	optimal	0.000009	0.000009
iJR904.xml	obj	DHPS2_1	0.046097	optimal	0.046097	0.046097
iJR904.xml	obj	BETALDHx	0.000000	optimal	0.000000	0.000000
iJR904.xml	obj	DHPTDCs	0.000000	optimal	0.000000	0.000000
iJR904.xml	obj	DHQTi	0.378921	optimal	0.378921	0.378921
iJR904.xml	obj	DADNt2	0.000000	optimal	0.000000	0.000000
iJR904.xml	obj	BETALDHy	0.000000	optimal	0.000000	0.000000
iJR904.xml	obj	DAGK_EC	0.015489	optimal	0.015489	0.015509
iJR904.xml	obj	DALAt2r	0.000000	optimal	-0.000002	0.000000
iJR904.xml	obj	DHQS	0.378921	optimal	0.378921	0.378921
iJR904.xml	obj	DINSt2	0.000000	optimal	0.000000	0.000000
iJR904.xml	obj	DAPDC	0.300555	optimal	0.300555	0.300556
iJR904.xml	obj	DKGLCNR1	0.000000	optimal	0.000000	0.000000
iJR904.xml	obj	DAPE	0.326001	optimal	0.326001	0.326002
iJR904.xml	obj	DAPabc	0.000000	optimal	0.000000	0.000000
iJR904.xml	obj	DKGLCNR2x	0.000000	optimal	0.000000	0.000000
iJR904.xml	obj	DKGLCNR2y	0.000000	optimal	0.000000	0.000000
iJR904.xml	obj	DKMPPD	0.006454	optimal	0.006433	0.006454
iJR904.xml	obj	DKMPPD2	0.000000	optimal	0.000000	0.000021
iJR904.xml	obj	BPNT	0.214868	optimal	0.214868	0.214868
iJR904.xml	obj	DMATT	0.000000	optimal	0.000000	0.000000
iJR904.xml	obj	DMPPS	0.000000	optimal	0.000000	0.000000
iJR904.xml	obj	DMQMT	0.000000	optimal	0.000000	0.000000
iJR904.xml	obj	EDD	0.000000	optimal	0.000000	0.000027
iJR904.xml	obj	BSORx	0.000000	optimal	0.000000	0.000000
iJR904.xml	obj	EDTXS1	0.007744	optimal	0.007744	0.007744
iJR904.xml	obj	DMSOR1	0.000000	optimal	0.000000	0.000000
iJR904.xml	obj	BSORy	0.000000	optimal	0.000000	0.000000
iJR904.xml	obj	DMSOR1e	0.000000	optimal	0.000000	0.000000
iJR904.xml	obj	EDTXS2	0.007744	optimal	0.007744	0.007744
iJR904.xml	obj	DMSOR2	0.000000	optimal	0.000000	0.000000
iJR904.xml	obj	BTS2	0.000000	optimal	0.000000	0.000000
iJR904.xml	obj	EDTXS3	0.000000	optimal	0.000000	0.000000
iJR904.xml	obj	EDTXS4	0.000000	optimal	0.000000	0.000000
iJR904.xml	obj	DMSOR2e	0.000000	optimal	0.000000	0.000000
iJR904.xml	obj	ENO	13.393048	optimal	13.393028	13.393214
iJR904.xml	obj	DNMPPA	0.046097	optimal	0.046097	0.046097
iJR904.xml	obj	BUTCT	0.000000	optimal	0.000000	0.000000
iJR904.xml	obj	DNTPPA	0.046097	optimal	0.046097	0.046097
iJR904.xml	obj	DOGULNR	0.000000	optimal	0.000000	0.000000
iJR904.xml	obj	ENTCS_1	0.000000	optimal	0.000000	0.000000
iJR904.xml	obj	BUTt2r	0.000000	optimal	0.000000	0.000000
iJR904.xml	obj	DPCOAK	0.000054	optimal	0.000054	0.000054
iJR904.xml	obj	BIOMASS_Ecoli	0.921948	optimal	0.921948	0.921948
iJR904.xml	obj	DPR	0.000054	optimal	0.000054	0.000054
iJR904.xml	obj	ETHAAL	0.000000	optimal	0.000000	0.000004
iJR904.xml	obj	ETOHt2r	0.000000	optimal	-0.000002	0.000000
iJR904.xml	obj	DRPA	0.476647	optimal	0.476529	0.476659
iJR904.xml	obj	EX_h2o_e	41.294494	optimal	41.294455	41.294501
iJR904.xml	obj	DSERt2	0.000000	optimal	0.000000	0.000000
iJR904.xml	obj	DTMPK	0.022772	optimal	0.022772	0.022782
iJR904.xml	obj	DURIK1	0.000000	optimal	0.000000	0.000021
iJR904.xml	obj	DURIPP	0.000000	optimal	-0.000010	0.476659
iJR904.xml	obj	DURIt2	0.000000	optimal	0.000000	0.000000
iJR904.xml	obj	DUTPDP	0.000000	optimal	0.000000	0.000010
iJR904.xml	obj	DXPRIi	0.000000	optimal	0.000000	0.000000
iJR904.xml	obj	EX_12ppd__S_e	0.000000	optimal	0.000000	0.000000
iJR904.xml	obj	EX_15dap_e	0.000000	optimal	0.000000	0.000001
iJR904.xml	obj	EX_26dap__M_e	0.000000	optimal	0.000000	0.000000
iJR904.xml	obj	EX_2ddglcn_e	0.000000	optimal	0.000000	0.000000
iJR904.xml	obj	EX_3hcinnm_e	0.000000	optimal	0.000000	0.000000
iJR904.xml	obj	EX_3hpppn_e	0.000000	optimal	0.000000	0.000000
iJR904.xml	obj	EX_4abut_e	0.000000	optimal	0.000000	0.000001
iJR904.xml	obj	EX_ac_e	0.000000	optimal	0.000000	0.000004
iJR904.xml	obj	DXPS	0.000000	optimal	0.000000	0.000000
iJR904.xml	obj	DXYLK	0.000000	optimal	0.000000	0.000000
iJR904.xml	obj	EX_acac_e	0.000000	optimal	0.000000	0.000000
iJR904.xml	obj	EX_h_e	8.427546	optimal	8.427545	8.427627
iJR904.xml	obj	EX_acald_e	0.000000	optimal	0.000000	0.000002
iJR904.xml	obj	EX_acgam_e	0.000000	optimal	0.000000	0.000000
iJR904.xml	obj	D_LACt2	0.000000	optimal	-0.000002	0.000000
iJR904.xml	obj	E4PD	0.000000	optimal	0.000000	0.000000
iJR904.xml	obj	ECAP_EC	0.000000	optimal	0.000000	0.000000
iJR904.xml	obj	EX_acmana_e	0.000000	optimal	0.000000	0.000000
iJR904.xml	obj	EX_hdca_e	0.000000	optimal	0.000000	0.000000
iJR904.xml	obj	EX_acnam_e	0.000000	optimal	0.000000	0.000000
iJR904.xml	obj	EX_ade_e	0.000000	optimal	0.000000	0.000001
iJR904.xml	obj	EDA	0.000000	optimal	0.000000	0.000027
iJR904.xml	obj	EX_his__L_e	0.000000	optimal	0.000000	0.000001
iJR904.xml	obj	EX_adn_e	0.000000	optimal	0.000000	0.000001
iJR904.xml	obj	EX_akg_e	0.000000	optimal	0.000000	0.000001
iJR904.xml	obj	EX_hxan_e	0.000000	optimal	0.000000	0.000001
iJR904.xml	obj	EX_ala__D_e	0.000000	optimal	0.000000	0.000002
iJR904.xml	obj	EX_idon__L_e	0.000000	optimal	0.000000	0.000001
iJR904.xml	obj	EX_ala__L_e	0.000000	optimal	0.000000	0.000002
iJR904.xml	obj	EX_alltn_e	0.000000	optimal	0.000000	0.000000
iJR904.xml	obj	EX_amp_e	0.000000	optimal	0.000000	0.000000
iJR904.xml	obj	EX_arab__L_e	0.000000	optimal	0.000000	0.000000
iJR904.xml	obj	EX_arg__L_e	0.000000	optimal	0.000000	0.000001
iJR904.xml	obj	FBP	0.000000	optimal	0.000000	0.000021
iJR904.xml	obj	FCI	0.000000	optimal	0.000000	0.000000
iJR904.xml	obj	FCLK	0.000000	optimal	0.000000	0.000000
iJR904.xml	obj	FCLPA	0.000000	optimal	0.000000	0.000000
iJR904.xml	obj	FCLT	0.000000	optimal	0.000000	0.000000
iJR904.xml	obj	EX_asn__L_e	0.000000	optimal	0.000000	0.000002
iJR904.xml	obj	EX_asp__L_e	0.000000	optimal	0.000000	0.000000
iJR904.xml	obj	EX_ile__L_e	0.000000	optimal	0.000000	0.000001
iJR904.xml	obj	EX_but_e	0.000000	optimal	0.000000	0.000000
iJR904.xml	obj	EX_cbl1_e	0.000000	optimal	0.000000	0.000000
iJR904.xml	obj	FDH2	0.338689	optimal	0.000000	0.338744
iJR904.xml	obj	FDH3	0.000000	optimal	0.000000	0.338744
iJR904.xml	obj	FE2abc	0.000000	optimal	0.000000	0.000000
iJR904.xml	obj	EX_chol_e	0.000000	optimal	0.000000	0.000000
iJR904.xml	obj	EX_indole_e	0.000000	optimal	0.000000	0.000001
iJR904.xml	obj	EX_cit_e	0.000000	optimal	0.000000	0.000000
iJR904.xml	obj	EX_co2_e	21.777023	optimal	21.777012	21.777027
iJR904.xml	obj	EX_crn_e	0.000000	optimal	0.000000	0.000000
iJR904.xml	obj	FFSD	0.000000	optimal	0.000000	0.000000
iJR904.xml	obj	FHL	0.000000	optimal	0.000000	0.338744
iJR904.xml	obj	FMNAT	0.000009	optimal	0.000009	0.000009
iJR904.xml	obj	EX_csn_e	0.000000	optimal	0.000000	0.000000
iJR904.xml	obj	EX_ins_e	0.000000	optimal	0.000000	0.000001
iJR904.xml	obj	EX_cynt_e	0.000000	optimal	0.000000	0.000000
iJR904.xml	obj	EX_k_e	0.000000	optimal	0.000000	0.000000
iJR904.xml	obj	EX_cys__L_e	0.000000	optimal	0.000000	0.000000
iJR904.xml	obj	EX_cytd_e	0.000000	optimal	0.000000	0.000001
iJR904.xml	obj	EX_lac__D_e	0.000000	optimal	0.000000	0.000002
iJR904.xml	obj	EX_dad_2_e	0.000000	optimal	0.000000	0.000000
iJR904.xml	obj	FORt	0.000000	optimal	-0.000015	0.000000
iJR904.xml	obj	FRD2	0.000000	optimal	0.000000	0.677864
iJR904.xml	obj	EX_dcyt_e	0.000000	optimal	0.000000	0.000000
iJR904.xml	obj	FRD3	0.000000	optimal	0.000000	0.384904
iJR904.xml	obj	FRUK	0.000000	optimal	0.000000	0.000000
iJR904.xml	obj	FRUpts	0.000000	optimal	0.000000	0.000000
iJR904.xml	obj	FRUpts2	0.000000	optimal	0.000000	0.000000
iJR904.xml	obj	EX_dgsn_e	0.000000	optimal	0.000000	0.000000
iJR904.xml	obj	EX_dha_e	0.000000	optimal	0.000000	0.000002
iJR904.xml	obj	EX_din_e	0.000000	optimal	0.000000	0.000000
iJR904.xml	obj	EX_dms_e	0.000000	optimal	0.000000	0.000000
iJR904.xml	obj	FTHFD	0.286110	optimal	0.285992	0.286132
iJR904.xml	obj	EX_lac__L_e	0.000000	optimal	0.000000	0.000000
iJR904.xml	obj	FUCPt6_2	0.000000	optimal	0.000000	0.000000
iJR904.xml	obj	FUCt	0.000000	optimal	0.000000	0.000000
iJR904.xml	obj	FUM	4.988807	optimal	4.988791	4.988882
iJR904.xml	obj	EX_dmso_e	0.000000	optimal	0.000000	0.000000
iJR904.xml	obj	EX_duri_e	0.000000	optimal	0.000000	0.000000
iJR904.xml	obj	EX_etoh_e	0.000000	optimal	0.000000	0.000002
iJR904.xml	obj	FUMt2_2	0.000000	optimal	0.000000	0.000082
iJR904.xml	obj	EX_lcts_e	0.000000	optimal	0.000000	0.000000
iJR904.xml	obj	FUMt2_3	0.000000	optimal	0.000000	0.000041
iJR904.xml	obj	EX_fe2_e	0.000000	optimal	0.000000	0.000000
iJR904.xml	obj	EX_for_e	0.000000	optimal	0.000000	0.000015
iJR904.xml	obj	G1PACT	0.066380	optimal	0.066380	0.066380
iJR904.xml	obj	EX_leu__L_e	0.000000	optimal	0.000000	0.000001
iJR904.xml	obj	G1PP	0.000000	optimal	0.000000	0.000021
iJR904.xml	obj	EX_fru_e	0.000000	optimal	0.000000	0.000000
iJR904.xml	obj	EX_lys__L_e	0.000000	optimal	0.000000	0.000001
iJR904.xml	obj	EX_fuc1p__L_e	0.000000	optimal	0.000000	0.000000
iJR904.xml	obj	EX_fuc__L_e	0.000000	optimal	0.000000	0.000000
iJR904.xml	obj	G1PTT	0.000000	optimal	0.000000	0.000000
iJR904.xml	obj	G1SAT	0.000000	optimal	0.000000	0.000000
iJR904.xml	obj	EX_fum_e	0.000000	optimal	0.000000	0.000002
iJR904.xml	obj	EX_mal__L_e	0.000000	optimal	0.000000	0.000000
iJR904.xml	obj	G3PD2	-0.152214	optimal	-0.152305	-0.152214
iJR904.xml	obj	G3PD5	0.000000	optimal	0.000000	0.000019
iJR904.xml	obj	EX_g6p_e	0.000000	optimal	0.000000	0.000000
iJR904.xml	obj	G3PD6	0.000000	optimal	0.000000	0.000019
iJR904.xml	obj	EX_gal_e	0.000000	optimal	0.000000	0.000000
iJR904.xml	obj	EX_galct__D_e	0.000000	optimal	0.000000	0.000000
iJR904.xml	obj	EX_galctn__D_e	0.000000	optimal	0.000000	0.000000
iJR904.xml	obj	G3PD7	0.000000	optimal	0.000000	0.000019
iJR904.xml	obj	G5SADs	0.193609	optimal	0.193609	0.193626
iJR904.xml	obj	G5SD	0.193609	optimal	0.193589	0.193626
iJR904.xml	obj	EX_galt_e	0.000000	optimal	0.000000	0.000000
iJR904.xml	obj	EX_malt_e	0.000000	optimal	0.000000	0.000000
iJR904.xml	obj	EX_galur_e	0.000000	optimal	0.000000	0.000000
iJR904.xml	obj	EX_gam_e	0.000000	optimal	0.000000	0.000000
iJR904.xml	obj	G6PDA	0.000000	optimal	0.000000	0.000021
iJR904.xml	obj	G6PDH2r	5.062459	optimal	5.062413	5.062552
iJR904.xml	obj	G6Pt6_2	0.000000	optimal	0.000000	0.000000
iJR904.xml	obj	GALCTD	0.000000	optimal	0.000000	0.000000
iJR904.xml	obj	EX_gbbtn_e	0.000000	optimal	0.000000	0.000000
iJR904.xml	obj	EX_glc__D_e	-10.000000	optimal	-10.000000	-9.999999
iJR904.xml	obj	GALCTND	0.000000	optimal	0.000000	0.000000
iJR904.xml	obj	GALCTNt2r	0.000000	optimal	0.000000	0.000000
iJR904.xml	obj	EX_glcn_e	0.000000	optimal	0.000000	0.000001
iJR904.xml	obj	EX_malthx_e	0.000000	optimal	0.000000	0.000000
iJR904.xml	obj	EX_glcr_e	0.000000	optimal	0.000000	0.000000
iJR904.xml	obj	EX_glcur_e	0.000000	optimal	0.000000	0.000000
iJR904.xml	obj	GALCTt2r	0.000000	optimal	0.000000	0.000000
iJR904.xml	obj	EX_maltpt_e	0.000000	optimal	0.000000	0.000000
iJR904.xml	obj	GALKr	0.000000	optimal	0.000000	0.000000
iJR904.xml	obj	GALS3	0.000000	optimal	0.000000	0.000000
iJR904.xml	obj	GALTpts	0.000000	optimal	0.000000	0.000000
iJR904.xml	obj	EX_gln__L_e	0.000000	optimal	0.000000	0.000000
iJR904.xml	obj	EX_glu__L_e	0.000000	optimal	0.000000	0.000001
iJR904.xml	obj	EX_gly_e	0.000000	optimal	0.000000	0.000003
iJR904.xml	obj	EX_glyald_e	0.000000	optimal	0.000000	0.000002
iJR904.xml	obj	EX_glyb_e	0.000000	optimal	0.000000	0.000000
iJR904.xml	obj	EX_malttr_e	0.000000	optimal	0.000000	0.000000
iJR904.xml	obj	EX_glyc3p_e	0.000000	optimal	0.000000	0.000000
iJR904.xml	obj	EX_glyc_e	0.000000	optimal	0.000000	0.000002
iJR904.xml	obj	GALUi_copy1	-999998.981745	optimal	-999998.981745	0.018265
iJR904.xml	obj	GALURt2r	0.000000	optimal	0.000000	0.000000
iJR904.xml	obj	GALUi_copy2	999999.000000	optimal	0.000000	999999.000000
iJR904.xml	obj	GALabc	0.000000	optimal	0.000000	0.000000
iJR904.xml	obj	EX_glyclt_e	0.000000	optimal	0.000000	0.000004
iJR904.xml	obj	EX_gsn_e	0.000000	optimal	0.000000	0.000000
iJR904.xml	obj	EX_gua_e	0.000000	optimal	0.000000	0.000001
iJR904.xml	obj	GALt2	0.000000	optimal	0.000000	0.000000
iJR904.xml	obj	EX_maltttr_e	0.000000	optimal	0.000000	0.000000
iJR904.xml	obj	GAMpts	0.000000	optimal	0.000000	0.000000
iJR904.xml	obj	GAPD	15.357828	optimal	15.357808	15.357876
iJR904.xml	obj	GARFT	0.440607	optimal	0.440587	0.440608
iJR904.xml	obj	EX_man6p_e	0.000000	optimal	0.000000	0.000000
iJR904.xml	obj	GART	0.000000	optimal	0.000000	0.000021
iJR904.xml	obj	GCALDD	0.046097	optimal	0.046097	0.046097
iJR904.xml	obj	EX_man_e	0.000000	optimal	0.000000	0.000000
iJR904.xml	obj	GDMANE	0.000000	optimal	0.000000	0.000000
iJR904.xml	obj	GLCS1	0.141980	optimal	0.141980	0.142001
iJR904.xml	obj	EX_melib_e	0.000000	optimal	0.000000	0.000000
iJR904.xml	obj	GLCURt2r	0.000000	optimal	0.000000	0.000000
iJR904.xml	obj	GF6PTA	0.066380	optimal	0.066380	0.066401
iJR904.xml	obj	GHMT2r	1.453828	optimal	1.453710	1.453839
iJR904.xml	obj	GK1	0.733327	optimal	0.256680	0.733338
iJR904.xml	obj	GLCpts	10.000000	optimal	9.999918	10.000000
iJR904.xml	obj	GLCDe	0.000000	optimal	0.000000	0.000019
iJR904.xml	obj	EX_met__D_e	0.000000	optimal	0.000000	0.000000
iJR904.xml	obj	GLCNt2r	0.000000	optimal	0.000000	0.000019
iJR904.xml	obj	GLCt2	0.000000	optimal	0.000000	0.000082
iJR904.xml	obj	EX_met__L_e	0.000000	optimal	0.000000	0.000000
iJR904.xml	obj	GLGC	0.141980	optimal	0.141980	0.142001
iJR904.xml	obj	GLNS	1.753202	optimal	1.753202	1.753223
iJR904.xml	obj	GLCP	0.000000	optimal	0.000000	0.000021
iJR904.xml	obj	GLCRAL	0.000000	optimal	0.000000	0.000000
iJR904.xml	obj	GLCRD	0.000000	optimal	0.000000	0.000000
iJR904.xml	obj	GLCRt2r	0.000000	optimal	0.000000	0.000000
iJR904.xml	obj	GLNabc	0.000000	optimal	0.000000	0.000000
iJR904.xml	obj	GLTPD	0.000000	optimal	0.000000	0.000000
iJR904.xml	obj	GLU5K	0.193609	optimal	0.193589	0.193626
iJR904.xml	obj	GLUABUTt7	0.000000	optimal	0.000000	999999.000000
iJR904.xml	obj	GLUCYS	0.000000	optimal	0.000000	0.000000
iJR904.xml	obj	GUAD	0.000000	optimal	0.000000	0.000005
iJR904.xml	obj	GUAPRT	0.000000	optimal	0.000000	0.000021
iJR904.xml	obj	GLUDC	0.000000	optimal	0.000000	0.000027
iJR904.xml	obj	EX_mnl_e	0.000000	optimal	0.000000	0.000000
iJR904.xml	obj	GLUDy	-7.673388	optimal	-7.673479	-7.673366
iJR904.xml	obj	GLUN	0.000000	optimal	0.000000	0.000021
iJR904.xml	obj	GLUPRT	0.440607	optimal	0.440607	0.440608
iJR904.xml	obj	GUAt	0.000000	optimal	-0.000082	0.000000
iJR904.xml	obj	EX_na1_e	0.000000	optimal	0.000000	0.000000
iJR904.xml	obj	GUAt2r	0.000000	optimal	0.000000	0.000082
iJR904.xml	obj	GUI1	0.000000	optimal	0.000000	0.000000
iJR904.xml	obj	GLUR	-0.025446	optimal	-0.025446	-0.025446
iJR904.xml	obj	GLUSy	0.000000	optimal	0.000000	0.000021
iJR904.xml	obj	GLUTRR	0.000000	optimal	0.000000	0.000000
iJR904.xml	obj	GLUTRS	0.000000	optimal	0.000000	0.000000
iJR904.xml	obj	GUI2	0.000000	optimal	0.000000	0.000000
iJR904.xml	obj	GLUabc	0.000000	optimal	0.000000	0.000027
iJR904.xml	obj	EX_nac_e	0.000000	optimal	0.000000	0.000000
iJR904.xml	obj	EX_nad_e	0.000000	optimal	0.000000	0.000000
iJR904.xml	obj	H2Ot	-41.294494	optimal	-41.294514	-41.294454
iJR904.xml	obj	EX_nh4_e	-9.850520	optimal	-9.850530	-9.850519
iJR904.xml	obj	GLUt2r	0.000000	optimal	-999999.000000	0.000000
iJR904.xml	obj	EX_nmn_e	0.000000	optimal	0.000000	0.000000
iJR904.xml	obj	GLUt4	0.000000	optimal	0.000000	999999.000000
iJR904.xml	obj	GLXCL	0.000000	optimal	0.000000	0.000012
iJR904.xml	obj	HBZOPT	0.000000	optimal	0.000000	0.000000
iJR904.xml	obj	HCINNMt2r	0.000000	optimal	0.000000	0.000000
iJR904.xml	obj	EX_no2_e	0.000000	optimal	0.000000	0.000000
iJR904.xml	obj	HCO3E	2.567345	optimal	2.567345	2.567365
iJR904.xml	obj	GLYALDt	0.000000	optimal	-0.000002	0.000000
iJR904.xml	obj	GLYAT	0.000000	optimal	-0.000012	0.000000
iJR904.xml	obj	HDCAt2	0.000000	optimal	0.000000	0.000000
iJR904.xml	obj	HEMEOS	0.000000	optimal	0.000000	0.000000
iJR904.xml	obj	GLYBabc	0.000000	optimal	0.000000	0.000027
iJR904.xml	obj	GLYBt2r	0.000000	optimal	-0.000027	0.000000
iJR904.xml	obj	GLYC3Pabc	0.000000	optimal	0.000000	0.000000
iJR904.xml	obj	GLYC3Pt6	0.000000	optimal	0.000000	0.000000
iJR904.xml	obj	HETZK	0.000000	optimal	0.000000	0.000000
iJR904.xml	obj	EX_no3_e	0.000000	optimal	0.000000	0.000000
iJR904.xml	obj	HEX1	0.000000	optimal	0.000000	0.000082
iJR904.xml	obj	GLYCDx	0.000000	optimal	0.000000	0.000091
iJR904.xml	obj	GLYCK	0.000000	optimal	0.000000	0.000012
iJR904.xml	obj	EX_o2_e	-19.928388	optimal	-19.928392	-19.928371
iJR904.xml	obj	GLYCL	0.000000	optimal	0.000000	0.000011
iJR904.xml	obj	GLYCLTDx	0.000000	optimal	0.000000	0.000024
iJR904.xml	obj	HISTD	0.082975	optimal	0.082975	0.082976
iJR904.xml	obj	HISTP	0.082975	optimal	0.082975	0.082976
iJR904.xml	obj	HISabc	0.000000	optimal	0.000000	0.000027
iJR904.xml	obj	GLYCLTDy	0.000000	optimal	0.000000	0.000019
iJR904.xml	obj	EX_ocdca_e	0.000000	optimal	0.000000	0.000000
iJR904.xml	obj	GLYCLTt2r	0.000000	optimal	-0.000004	0.000000
iJR904.xml	obj	GLYCTO2	0.046097	optimal	0.000000	0.046121
iJR904.xml	obj	HISt2r	0.000000	optimal	-0.000027	0.000000
iJR904.xml	obj	EX_orn_e	0.000000	optimal	0.000000	0.000001
iJR904.xml	obj	HKNDDH_1	0.000000	optimal	0.000000	0.000000
iJR904.xml	obj	GLYCTO3	0.000000	optimal	0.000000	0.046121
iJR904.xml	obj	GLYCTO4	0.000000	optimal	0.000000	0.046121
iJR904.xml	obj	HKNTDH_1	0.000000	optimal	0.000000	0.000000
iJR904.xml	obj	EX_phe__L_e	0.000000	optimal	0.000000	0.000001
iJR904.xml	obj	HMBS	0.000000	optimal	0.000000	0.000000
iJR904.xml	obj	GLYCt	0.000000	optimal	0.000000	0.000002
iJR904.xml	obj	GLYK	0.005947	optimal	0.005855	0.005950
iJR904.xml	obj	HMPK1	0.000000	optimal	0.000000	0.000000
iJR904.xml	obj	EX_pi_e	-0.840482	optimal	-0.840482	-0.840482
iJR904.xml	obj	HOPNTAL	0.000000	optimal	0.000000	0.000000
iJR904.xml	obj	GLYOX	0.000000	optimal	0.000000	0.000010
iJR904.xml	obj	GLYt2r	0.000000	optimal	-0.000003	0.000000
iJR904.xml	obj	HPPK2	0.046097	optimal	0.046097	0.046097
iJR904.xml	obj	HPPPNDO_1	0.000000	optimal	0.000000	0.000000
iJR904.xml	obj	HPPPNt2r	0.000000	optimal	0.000000	0.000000
iJR904.xml	obj	GMAND	0.000000	optimal	0.000000	0.000000
iJR904.xml	obj	GMHEPAT	0.023233	optimal	0.023233	0.023233
iJR904.xml	obj	GMHEPK	0.023233	optimal	0.023233	0.023233
iJR904.xml	obj	GMHEPPA	0.023233	optimal	0.023233	0.023233
iJR904.xml	obj	HPYRI	0.000000	optimal	-0.000012	0.000000
iJR904.xml	obj	HPYRRx	0.000000	optimal	0.000000	0.000012
iJR904.xml	obj	GMPR	0.000000	optimal	0.000000	0.000006
iJR904.xml	obj	GMPS2	0.256680	optimal	0.256680	0.256686
iJR904.xml	obj	HPYRRy	0.000000	optimal	0.000000	0.000011
iJR904.xml	obj	EX_pnto__R_e	0.000000	optimal	0.000000	0.000000
iJR904.xml	obj	HSDy	-0.134604	optimal	-0.134722	-0.134604
iJR904.xml	obj	HSK	0.000000	optimal	0.000000	0.000118
iJR904.xml	obj	HSST	0.134604	optimal	0.134604	0.134604
iJR904.xml	obj	GND	5.062459	optimal	5.062413	5.062552
iJR904.xml	obj	GNK	0.000000	optimal	0.000000	0.000019
iJR904.xml	obj	GOFUCR	0.000000	optimal	0.000000	0.000000
iJR904.xml	obj	GP4GH	0.000000	optimal	0.000000	0.000000
iJR904.xml	obj	GPDDA1	0.000000	optimal	0.000000	0.000000
iJR904.xml	obj	HSTPT	0.082975	optimal	0.082975	0.082976
iJR904.xml	obj	HXPRT	0.000000	optimal	0.000000	0.000010
iJR904.xml	obj	GPDDA2	0.000000	optimal	0.000000	0.000004
iJR904.xml	obj	EX_pppn_e	0.000000	optimal	0.000000	0.000000
iJR904.xml	obj	GPDDA3	0.000000	optimal	0.000000	0.000000
iJR904.xml	obj	GPDDA4	0.000000	optimal	0.000000	0.000003
iJR904.xml	obj	HYD1	0.000000	optimal	0.000000	0.338744
iJR904.xml	obj	HYD2	0.000000	optimal	0.000000	0.338744
iJR904.xml	obj	EX_pro__L_e	0.000000	optimal	0.000000	0.000001
iJR904.xml	obj	HYD3	0.000000	optimal	0.000000	0.338744
iJR904.xml	obj	GPDDA5	0.000000	optimal	0.000000	0.000000
iJR904.xml	obj	GRTT	0.000000	optimal	0.000000	0.000000
iJR904.xml	obj	HYPOE	0.000000	optimal	0.000000	0.000021
iJR904.xml	obj	GSNK	0.476647	optimal	0.000000	0.476668
iJR904.xml	obj	GSNt2	0.000000	optimal	0.000000	0.000000
iJR904.xml	obj	GSPMDA	0.000000	optimal	0.000000	0.000021
iJR904.xml	obj	HYXNt	0.000000	optimal	-0.000001	0.000000
iJR904.xml	obj	ICDHyr	5.046148	optimal	5.046040	5.046197
iJR904.xml	obj	ICHORS	0.000000	optimal	0.000000	0.000000
iJR904.xml	obj	ICHORT	0.000000	optimal	0.000000	0.000000
iJR904.xml	obj	ICL	0.000000	optimal	0.000000	0.000091
iJR904.xml	obj	GSPMDS	0.000000	optimal	0.000000	0.000021
iJR904.xml	obj	GTHOr	0.000000	optimal	0.000000	0.000000
iJR904.xml	obj	IDOND	0.000000	optimal	-0.000091	0.000001
iJR904.xml	obj	EX_ptrc_e	0.000000	optimal	0.000000	0.000001
iJR904.xml	obj	IDOND2	0.000000	optimal	0.000000	0.000091
iJR904.xml	obj	IDONt2r	0.000000	optimal	-0.000001	0.000000
iJR904.xml	obj	IG3PS	0.082975	optimal	0.082975	0.082976
iJR904.xml	obj	GTHS	0.000000	optimal	0.000000	0.000000
iJR904.xml	obj	GTPCI_1	0.046097	optimal	0.046097	0.046097
iJR904.xml	obj	IGPDH	0.082975	optimal	0.082975	0.082976
iJR904.xml	obj	EX_pyr_e	0.000000	optimal	0.000000	0.000003
iJR904.xml	obj	IGPS	0.049785	optimal	0.049785	0.049786
iJR904.xml	obj	GTPCII2	0.000009	optimal	0.000009	0.000009
iJR904.xml	obj	ILETA	-0.254458	optimal	-0.254458	-0.254458
iJR904.xml	obj	EX_rib__D_e	0.000000	optimal	0.000000	0.000000
iJR904.xml	obj	ILEabc	0.000000	optimal	0.000000	0.000027
iJR904.xml	obj	EX_rmn_e	0.000000	optimal	0.000000	0.000000
iJR904.xml	obj	ILEt2r	0.000000	optimal	-0.000027	0.000000
iJR904.xml	obj	IMPC	-0.523583	optimal	-0.523584	-0.523583
iJR904.xml	obj	KARA2	0.254458	optimal	0.254458	0.254458
iJR904.xml	obj	EX_sbt__D_e	0.000000	optimal	0.000000	0.000000
iJR904.xml	obj	KAS14	0.296222	optimal	0.000000	0.296223
iJR904.xml	obj	KAS15	0.000000	optimal	0.000000	0.296223
iJR904.xml	obj	IMPD	0.256680	optimal	0.256680	0.256686
iJR904.xml	obj	INDOLEt2r	0.000000	optimal	-0.000001	0.000000
iJR904.xml	obj	INSK	0.000000	optimal	0.000000	0.000021
iJR904.xml	obj	KAS16	0.030977	optimal	0.030977	0.030977
iJR904.xml	obj	EX_ser__D_e	0.000000	optimal	0.000000	0.000000
iJR904.xml	obj	KDOCT2	0.038722	optimal	0.038722	0.038722
iJR904.xml	obj	KDOPP	0.038722	optimal	0.038722	0.038722
iJR904.xml	obj	KDOPS	0.038722	optimal	0.038722	0.038722
iJR904.xml	obj	KG6PDC	0.000000	optimal	0.000000	0.000000
iJR904.xml	obj	Kabc	0.000000	optimal	0.000000	0.000027
iJR904.xml	obj	INSt2_copy1	0.000000	optimal	0.000000	999999.000000
iJR904.xml	obj	INSt2_copy2	0.000000	optimal	-999999.000000	0.000000
iJR904.xml	obj	IPDDI	0.000000	optimal	0.000000	0.000000
iJR904.xml	obj	IPDPS	0.000000	optimal	0.000000	0.000000
iJR904.xml	obj	IPMD	0.394594	optimal	0.394594	0.394595
iJR904.xml	obj	EX_ser__L_e	0.000000	optimal	0.000000	0.000002
iJR904.xml	obj	IPPMIa	-0.394594	optimal	-0.394595	-0.394594
iJR904.xml	obj	IPPMIb	-0.394594	optimal	-0.394595	-0.394594
iJR904.xml	obj	IPPS	0.394594	optimal	0.394594	0.394595
iJR904.xml	obj	Kt2r	0.000000	optimal	-0.000027	0.000000
iJR904.xml	obj	LACZ	0.000000	optimal	0.000000	0.000000
iJR904.xml	obj	LCADi_copy1	-999999.000000	optimal	-999999.000000	0.000000
iJR904.xml	obj	KARA1	-0.765271	optimal	-0.765272	-0.765271
iJR904.xml	obj	EX_so4_e	-0.214868	optimal	-0.214868	-0.214868
iJR904.xml	obj	LCADi_copy2	999999.000000	optimal	0.000000	999999.000000
iJR904.xml	obj	EX_spmd_e	0.000000	optimal	0.000000	0.000000
iJR904.xml	obj	LCARS	0.000000	optimal	0.000000	0.000000
iJR904.xml	obj	LCTSt	0.000000	optimal	0.000000	0.000000
iJR904.xml	obj	MELIBt2	0.000000	optimal	0.000000	0.000000
iJR904.xml	obj	EX_succ_e	0.000000	optimal	0.000000	0.000002
iJR904.xml	obj	MEPCT	0.000000	optimal	0.000000	0.000000
iJR904.xml	obj	LDH_D	0.000000	optimal	-0.000024	0.000010
iJR904.xml	obj	LDH_D2	0.000000	optimal	0.000000	0.000024
iJR904.xml	obj	LEUTAi	0.394594	optimal	0.394594	0.394595
iJR904.xml	obj	LEUabc	0.000000	optimal	0.000000	0.000027
iJR904.xml	obj	METAT	0.006454	optimal	0.006454	0.006454
iJR904.xml	obj	EX_sucr_e	0.000000	optimal	0.000000	0.000000
iJR904.xml	obj	METDabc	0.000000	optimal	0.000000	0.000000
iJR904.xml	obj	LEUt2r	0.000000	optimal	-0.000027	0.000000
iJR904.xml	obj	METS_1	0.134604	optimal	0.134604	0.134604
iJR904.xml	obj	METabc	0.000000	optimal	0.000000	0.000000
iJR904.xml	obj	LGTHL	0.000000	optimal	0.000000	0.000010
iJR904.xml	obj	LPADSS	0.007744	optimal	0.007744	0.007744
iJR904.xml	obj	LPLIPA1	0.000000	optimal	0.000000	0.000003
iJR904.xml	obj	MGSA	0.000000	optimal	0.000000	0.000010
iJR904.xml	obj	EX_tartr__L_e	0.000000	optimal	0.000000	0.000000
iJR904.xml	obj	MI1PP	0.000000	optimal	0.000000	0.000000
iJR904.xml	obj	LPLIPA2	0.000000	optimal	0.000000	0.000004
iJR904.xml	obj	LPLIPA3	0.000000	optimal	0.000000	0.000000
iJR904.xml	obj	LPLIPA4	0.000000	optimal	0.000000	0.000000
iJR904.xml	obj	MICITDr	0.000000	optimal	0.000000	0.000010
iJR904.xml	obj	EX_taur_e	0.000000	optimal	0.000000	0.000000
iJR904.xml	obj	MLTG1	0.000000	optimal	0.000000	0.000000
iJR904.xml	obj	MLTG2	0.000000	optimal	0.000000	0.000000
iJR904.xml	obj	LPLIPA5	0.000000	optimal	0.000000	0.000000
iJR904.xml	obj	LPLIPA6	0.000000	optimal	0.000000	0.000000
iJR904.xml	obj	LPSSYN_EC	0.007744	optimal	0.007744	0.007744
iJR904.xml	obj	EX_thm_e	0.000000	optimal	0.000000	0.000000
iJR904.xml	obj	MLTG3	0.000000	optimal	0.000000	0.000021
iJR904.xml	obj	MLTG4	0.000000	optimal	0.000000	0.000021
iJR904.xml	obj	EX_thr__L_e	0.000000	optimal	0.000000	0.000001
iJR904.xml	obj	MLTG5	0.000000	optimal	0.000000	0.000021
iJR904.xml	obj	LYSDC	0.000000	optimal	0.000000	0.000001
iJR904.xml	obj	LYSabc	0.000000	optimal	0.000000	0.000027
iJR904.xml	obj	MLTP1	0.000000	optimal	-0.000021	0.000000
iJR904.xml	obj	EX_thymd_e	0.000000	optimal	0.000000	0.000001
iJR904.xml	obj	MLTP2	0.000000	optimal	-0.000021	0.000000
iJR904.xml	obj	MLTP3	0.000000	optimal	-0.000021	0.000000
iJR904.xml	obj	LYSt2r	0.000000	optimal	-0.000027	0.000000
iJR904.xml	obj	MMCD	0.000000	optimal	0.000000	0.000010
iJR904.xml	obj	EX_tma_e	0.000000	optimal	0.000000	0.000000
iJR904.xml	obj	MME	0.000000	optimal	0.000000	0.000010
iJR904.xml	obj	L_LACD2	0.000000	optimal	0.000000	0.000000
iJR904.xml	obj	L_LACD3	0.000000	optimal	0.000000	0.000000
iJR904.xml	obj	EX_tmao_e	0.000000	optimal	0.000000	0.000000
iJR904.xml	obj	L_LACt2r	0.000000	optimal	0.000000	0.000000
iJR904.xml	obj	M1PD	0.000000	optimal	0.000000	0.000000
iJR904.xml	obj	MACPD	0.000000	optimal	0.000000	0.000021
iJR904.xml	obj	MALS	0.046097	optimal	0.046072	0.046189
iJR904.xml	obj	MMM2	0.000000	optimal	0.000000	0.000010
iJR904.xml	obj	MNLpts	0.000000	optimal	0.000000	0.000000
iJR904.xml	obj	MNNH	0.000000	optimal	0.000000	0.000000
iJR904.xml	obj	MOAT	0.007744	optimal	0.007744	0.007744
iJR904.xml	obj	MOAT2	0.007744	optimal	0.007744	0.007744
iJR904.xml	obj	MALTHXabc	0.000000	optimal	0.000000	0.000000
iJR904.xml	obj	MALTPTabc	0.000000	optimal	0.000000	0.000000
iJR904.xml	obj	MOHMT	0.000054	optimal	0.000054	0.000054
iJR904.xml	obj	EX_tre_e	0.000000	optimal	0.000000	0.000000
iJR904.xml	obj	MALTTRabc	0.000000	optimal	0.000000	0.000000
iJR904.xml	obj	MALTTTRabc	0.000000	optimal	0.000000	0.000000
iJR904.xml	obj	MALTabc	0.000000	optimal	0.000000	0.000000
iJR904.xml	obj	MTAN	0.006454	optimal	0.006454	0.006454
iJR904.xml	obj	MTHFC_1	1.250300	optimal	1.250182	1.250322
iJR904.xml	obj	EX_trp__L_e	0.000000	optimal	0.000000	0.000000
iJR904.xml	obj	MALTpts	0.000000	optimal	0.000000	0.000000
iJR904.xml	obj	MALt2_2	0.000000	optimal	0.000000	0.000000
iJR904.xml	obj	MTHFD_1	1.250300	optimal	1.250182	1.250322
iJR904.xml	obj	EX_tsul_e	0.000000	optimal	0.000000	0.000000
iJR904.xml	obj	MTHFR2_1	0.180702	optimal	0.180702	0.180702
iJR904.xml	obj	MTRI	0.006454	optimal	0.006454	0.006454
iJR904.xml	obj	MTRK	0.006454	optimal	0.006454	0.006454
iJR904.xml	obj	MALt2_3	0.000000	optimal	0.000000	0.000000
iJR904.xml	obj	MAN1PT2	0.000000	optimal	0.000000	0.000000
iJR904.xml	obj	MAN6PI	0.000000	optimal	0.000000	0.000000
iJR904.xml	obj	MAN6Pt6_2	0.000000	optimal	0.000000	0.000000
iJR904.xml	obj	NACODA	0.000000	optimal	0.000000	0.000021
iJR904.xml	obj	EX_ttdca_e	0.000000	optimal	0.000000	0.000000
iJR904.xml	obj	NACt	0.000000	optimal	0.000000	0.000000
iJR904.xml	obj	NADDP	0.000000	optimal	0.000000	0.000010
iJR904.xml	obj	NADDPe	0.000000	optimal	0.000000	0.000000
iJR904.xml	obj	NADH10	0.000000	optimal	0.000000	0.000024
iJR904.xml	obj	NADH5	0.000000	optimal	0.000000	0.000024
iJR904.xml	obj	MANAO	0.000000	optimal	0.000000	0.000000
iJR904.xml	obj	MANpts	0.000000	optimal	0.000000	0.000000
iJR904.xml	obj	MCITD	0.000000	optimal	0.000000	0.000010
iJR904.xml	obj	MCITL2	0.000000	optimal	0.000000	0.000010
iJR904.xml	obj	MCITS	0.000000	optimal	0.000000	0.000010
iJR904.xml	obj	MCOATA	2.126738	optimal	2.126738	2.126758
iJR904.xml	obj	MDH	5.034904	optimal	5.034883	5.034980
iJR904.xml	obj	NADH6	35.143830	optimal	35.143719	35.143907
iJR904.xml	obj	NADH7	0.000000	optimal	0.000000	0.000055
iJR904.xml	obj	MDH2	0.000000	optimal	0.000000	0.000024
iJR904.xml	obj	NADH8	0.000000	optimal	0.000000	0.000117
iJR904.xml	obj	EX_tyr__L_e	0.000000	optimal	0.000000	0.000001
iJR904.xml	obj	NADH9	0.000000	optimal	0.000000	0.000024
iJR904.xml	obj	NADK	0.000489	optimal	0.000489	0.000509
iJR904.xml	obj	MDH3	0.000000	optimal	0.000000	0.000024
iJR904.xml	obj	MDRPD	0.006454	optimal	0.006454	0.006454
iJR904.xml	obj	EX_ura_e	0.000000	optimal	0.000000	0.000002
iJR904.xml	obj	ME1	0.000000	optimal	0.000000	0.000021
iJR904.xml	obj	NADPPPS	0.000000	optimal	0.000000	0.000021
iJR904.xml	obj	ME2	0.000000	optimal	0.000000	0.000027
iJR904.xml	obj	EX_urea_e	0.000000	optimal	0.000000	0.000006
iJR904.xml	obj	NADS1	0.002517	optimal	0.002517	0.002522
iJR904.xml	obj	EX_uri_e	0.000000	optimal	0.000000	0.000001
iJR904.xml	obj	NADTRHD	0.000000	optimal	0.000000	0.000091
iJR904.xml	obj	EX_val__L_e	0.000000	optimal	0.000000	0.000001
iJR904.xml	obj	NAMNPP	0.000000	optimal	0.000000	0.000003
iJR904.xml	obj	NAt3_1	0.000000	optimal	-0.000165	999999.000000
iJR904.xml	obj	EX_xan_e	0.000000	optimal	0.000000	0.000001
iJR904.xml	obj	NAt3_15	0.000000	optimal	0.000000	0.000082
iJR904.xml	obj	NAt3_2	0.000000	optimal	0.000000	0.000082
iJR904.xml	obj	NDPK1	-999995.655666	optimal	-999996.155731	999999.000000
iJR904.xml	obj	NDPK2	0.349603	optimal	0.349603	0.849033
iJR904.xml	obj	MECDPDH	0.000000	optimal	0.000000	0.000000
iJR904.xml	obj	MECDPS	0.000000	optimal	0.000000	0.000000
iJR904.xml	obj	NDPK3	0.179143	optimal	0.155715	0.179153
iJR904.xml	obj	EX_xtsn_e	0.000000	optimal	0.000000	0.000001
iJR904.xml	obj	NDPK4	0.022772	optimal	0.022772	0.022782
iJR904.xml	obj	NDPK5	-0.476647	optimal	-0.476659	0.023428
iJR904.xml	obj	NNDMBRT	0.000000	optimal	0.000000	0.000000
iJR904.xml	obj	NNDPR	0.002517	optimal	0.002517	0.002517
iJR904.xml	obj	EX_xyl__D_e	0.000000	optimal	0.000000	0.000000
iJR904.xml	obj	NO2t2r	0.000000	optimal	0.000000	0.000000
iJR904.xml	obj	NO3R1	0.000000	optimal	0.000000	0.000000
iJR904.xml	obj	NDPK6	0.000000	optimal	-0.499431	0.000010
iJR904.xml	obj	NDPK7	0.000000	optimal	-0.000010	0.023428
iJR904.xml	obj	NDPK8	0.000000	optimal	-0.476659	0.022782
iJR904.xml	obj	NO3R2	0.000000	optimal	0.000000	0.000000
iJR904.xml	obj	F6PA	0.000000	optimal	-0.000091	0.417367
iJR904.xml	obj	NO3t7	0.000000	optimal	0.000000	0.000000
iJR904.xml	obj	NH4t	9.850520	optimal	9.850519	9.850530
iJR904.xml	obj	NMNAT	0.000000	optimal	0.000000	0.000010
iJR904.xml	obj	NPHS	0.000000	optimal	0.000000	0.000000
iJR904.xml	obj	NMNDA	0.000000	optimal	0.000000	0.000005
iJR904.xml	obj	FAO1	0.000000	optimal	0.000000	0.000000
iJR904.xml	obj	NMNN	0.000000	optimal	0.000000	0.000003
iJR904.xml	obj	NMNP	0.000000	optimal	0.000000	0.000000
iJR904.xml	obj	NMNt7	0.000000	optimal	0.000000	0.000000
iJR904.xml	obj	NTD1	0.000000	optimal	0.000000	0.476668
iJR904.xml	obj	NTD10	0.000000	optimal	0.000000	0.000010
iJR904.xml	obj	NTD11	0.000000	optimal	0.000000	0.000021
iJR904.xml	obj	NTD2	0.000000	optimal	0.000000	0.000021
iJR904.xml	obj	NTD3	0.000000	optimal	0.000000	0.000010
iJR904.xml	obj	NNAM	0.000000	optimal	0.000000	0.000003
iJR904.xml	obj	NNATr	0.002517	optimal	0.002517	0.002522
iJR904.xml	obj	FAO2	0.000000	optimal	0.000000	0.000001
iJR904.xml	obj	NTD4	0.000000	optimal	0.000000	0.000021
iJR904.xml	obj	NTD5	0.000000	optimal	0.000000	0.000021
iJR904.xml	obj	FAO3	0.000000	optimal	0.000000	0.000000
iJR904.xml	obj	NTD6	0.000000	optimal	0.000000	0.476659
iJR904.xml	obj	PFL	0.000000	optimal	0.000000	0.000055
iJR904.xml	obj	PGAMT	-0.066380	optimal	-0.066380	-0.066380
iJR904.xml	obj	FAO4	0.000000	optimal	0.000000	0.000000
iJR904.xml	obj	PGCD	1.964780	optimal	1.964662	1.964797
iJR904.xml	obj	NTD7	0.000000	optimal	0.000000	0.000021
iJR904.xml	obj	NTD8	0.476647	optimal	0.000000	0.476659
iJR904.xml	obj	FBA	7.003127	optimal	6.585751	7.003200
iJR904.xml	obj	NTD9	0.000000	optimal	0.000000	0.000021
iJR904.xml	obj	NTPP1	0.000000	optimal	0.000000	0.000010
iJR904.xml	obj	PGI	4.777306	optimal	4.777214	4.777353
iJR904.xml	obj	PUNP2	0.000000	optimal	-0.000017	0.476659
iJR904.xml	obj	PGK	-15.357828	optimal	-15.357876	-15.357808
iJR904.xml	obj	PGL	5.062459	optimal	5.062413	5.062552
iJR904.xml	obj	PGLYCP	0.000000	optimal	0.000000	0.000000
iJR904.xml	obj	PGM	-13.393048	optimal	-13.393214	-13.393028
iJR904.xml	obj	PGMT	-0.160235	optimal	-0.160255	-0.160235
iJR904.xml	obj	NTPP2	0.000000	optimal	0.000000	0.000010
iJR904.xml	obj	NTPP3	0.000000	optimal	0.000000	0.000010
iJR904.xml	obj	NTPP4	0.000000	optimal	0.000000	0.000010
iJR904.xml	obj	NTPP5	0.000000	optimal	0.000000	0.000010
iJR904.xml	obj	NTPP6	0.000000	optimal	0.000000	0.000010
iJR904.xml	obj	NTPP7	0.000000	optimal	0.000000	0.000010
iJR904.xml	obj	NTPP8	0.000000	optimal	0.000000	0.000010
iJR904.xml	obj	NTPTP1	0.000000	optimal	0.000000	0.000000
iJR904.xml	obj	PGPP_EC	0.033282	optimal	0.033282	0.033285
iJR904.xml	obj	PGSA_EC	0.033282	optimal	0.033282	0.033285
iJR904.xml	obj	NTPTP2	0.000000	optimal	0.000000	0.000000
iJR904.xml	obj	PUNP3	-0.476647	optimal	-0.476659	0.000010
iJR904.xml	obj	NTRIR2x	0.000000	optimal	0.000000	0.000000
iJR904.xml	obj	PHETA1	-0.162263	optimal	-0.162263	-0.162263
iJR904.xml	obj	PUNP4	0.476647	optimal	0.000000	0.476659
iJR904.xml	obj	PHEt2r	0.000000	optimal	-0.000001	0.000000
iJR904.xml	obj	O2t	19.928388	optimal	19.928371	19.928392
iJR904.xml	obj	PUNP5	0.000000	optimal	-0.000017	0.000010
iJR904.xml	obj	OBTFL	0.000000	optimal	0.000000	0.000004
iJR904.xml	obj	OCBT	0.259067	optimal	0.259067	0.259073
iJR904.xml	obj	PIabc	0.000000	optimal	0.000000	0.000027
iJR904.xml	obj	PUNP6	0.000000	optimal	0.000000	0.000017
iJR904.xml	obj	PIt2r	0.840482	optimal	0.840454	0.840482
iJR904.xml	obj	PUNP7	0.000000	optimal	-0.000001	0.000010
iJR904.xml	obj	PLIPA1	0.000000	optimal	0.000000	0.000003
iJR904.xml	obj	PLIPA2	0.000000	optimal	0.000000	0.000004
iJR904.xml	obj	PLIPA3	0.000000	optimal	0.000000	0.000000
iJR904.xml	obj	OCDCAt2	0.000000	optimal	0.000000	0.000000
iJR904.xml	obj	OCTDPS	0.000000	optimal	0.000000	0.000000
iJR904.xml	obj	PYAM5PO	0.000000	optimal	0.000000	0.000012
iJR904.xml	obj	OHPBAT	0.000000	optimal	0.000000	0.000000
iJR904.xml	obj	OHPHM	0.000000	optimal	0.000000	0.000000
iJR904.xml	obj	PMANM	0.000000	optimal	0.000000	0.000000
iJR904.xml	obj	PMDPHT	0.000009	optimal	0.000009	0.000009
iJR904.xml	obj	PYDAMK	0.000000	optimal	0.000000	0.000021
iJR904.xml	obj	PMPK	0.000000	optimal	0.000000	0.000000
iJR904.xml	obj	PNTK	0.000054	optimal	0.000054	0.000054
iJR904.xml	obj	OMBZLM	0.000000	optimal	0.000000	0.000000
iJR904.xml	obj	OMCDC	0.394594	optimal	0.394594	0.394595
iJR904.xml	obj	OMMBLHX	0.000000	optimal	0.000000	0.000000
iJR904.xml	obj	PNTOt4	0.000000	optimal	0.000000	0.000000
iJR904.xml	obj	PYDXK	0.000000	optimal	0.000000	0.000021
iJR904.xml	obj	POX	0.000000	optimal	0.000000	0.000011
iJR904.xml	obj	OMPDC	0.290506	optimal	0.290506	0.290508
iJR904.xml	obj	OMPHHX	0.000000	optimal	0.000000	0.000000
iJR904.xml	obj	OP4ENH	0.000000	optimal	0.000000	0.000000
iJR904.xml	obj	PPA	3.097114	optimal	3.097114	3.097134
iJR904.xml	obj	PPAKr	0.000000	optimal	0.000000	999999.000000
iJR904.xml	obj	OPHBDC	0.000000	optimal	0.000000	0.000000
iJR904.xml	obj	PYDXNK	0.000000	optimal	0.000000	0.000021
iJR904.xml	obj	OPHHX	0.000000	optimal	0.000000	0.000000
iJR904.xml	obj	ORNDC	0.038722	optimal	0.038716	0.038729
iJR904.xml	obj	ORNTA	0.000000	optimal	0.000000	0.000021
iJR904.xml	obj	PPBNGS	0.000000	optimal	0.000000	0.000000
iJR904.xml	obj	PPC	2.153756	optimal	2.153664	2.153873
iJR904.xml	obj	PPCDC	0.000054	optimal	0.000054	0.000054
iJR904.xml	obj	PPCK	0.000000	optimal	0.000000	0.000021
iJR904.xml	obj	PPCSCT	999995.438376	optimal	0.000000	999995.438484
iJR904.xml	obj	ORNabc	0.000000	optimal	0.000000	0.000027
iJR904.xml	obj	PPM	-0.483101	optimal	-0.483121	-0.482983
iJR904.xml	obj	ORPT	-0.290506	optimal	-0.290508	-0.290506
iJR904.xml	obj	PYDXPP	0.000000	optimal	0.000000	0.000021
iJR904.xml	obj	OXGDC2	0.000000	optimal	0.000000	0.000000
iJR904.xml	obj	PPM2	0.476647	optimal	0.476529	0.476659
iJR904.xml	obj	PPNCL2	0.000054	optimal	0.000054	0.000054
iJR904.xml	obj	P5CD	0.000000	optimal	0.000000	0.000017
iJR904.xml	obj	PYK	0.417284	optimal	0.000000	0.417367
iJR904.xml	obj	P5CR	0.193609	optimal	0.193609	0.193628
iJR904.xml	obj	PACCOAL	0.000000	optimal	0.000000	0.000000
iJR904.xml	obj	PPND	0.120775	optimal	0.120775	0.120776
iJR904.xml	obj	PPNDH	0.162263	optimal	0.162263	0.162263
iJR904.xml	obj	PPPGO	0.000000	optimal	0.000000	0.000000
iJR904.xml	obj	PANTS	0.000054	optimal	0.000054	0.000054
iJR904.xml	obj	PYNP2r	0.000000	optimal	-0.476659	0.000010
iJR904.xml	obj	PAPA_EC	0.000000	optimal	0.000000	0.000021
iJR904.xml	obj	PAPPT3	0.025446	optimal	0.025446	0.025446
iJR904.xml	obj	PPPNDO	0.000000	optimal	0.000000	0.000000
iJR904.xml	obj	PPPNt2r	0.000000	optimal	0.000000	0.000000
iJR904.xml	obj	PPS	0.000000	optimal	0.000000	0.000021
iJR904.xml	obj	PAPSR	0.214868	optimal	0.214868	0.214868
iJR904.xml	obj	PPTGS	0.025446	optimal	0.025446	0.025446
iJR904.xml	obj	PYRt2	0.000000	optimal	-0.000003	0.000000
iJR904.xml	obj	PRAGSr	0.440607	optimal	0.440607	0.440608
iJR904.xml	obj	PRAIS	0.440607	optimal	0.440607	0.440608
iJR904.xml	obj	PRAIi	0.049785	optimal	0.049785	0.049786
iJR904.xml	obj	PRAMPC	0.082975	optimal	0.082975	0.082976
iJR904.xml	obj	PASYN_EC	0.124878	optimal	0.124878	0.124882
iJR904.xml	obj	PDH	7.960736	optimal	7.960683	7.960811
iJR904.xml	obj	PDX5POi	0.000000	optimal	0.000000	0.000000
iJR904.xml	obj	PDX5PS	0.000000	optimal	0.000000	0.000000
iJR904.xml	obj	PDXPP	0.000000	optimal	0.000000	0.000021
iJR904.xml	obj	PRASCSi	0.440607	optimal	0.440607	0.440608
iJR904.xml	obj	PRATPP	0.082975	optimal	0.082975	0.082976
iJR904.xml	obj	PRFGS	0.440607	optimal	0.440607	0.440608
iJR904.xml	obj	PEAMNO	0.000000	optimal	0.000000	0.000000
iJR904.xml	obj	QULNS_1	0.002517	optimal	0.002517	0.002517
iJR904.xml	obj	PEPT_EC	0.015489	optimal	0.015489	0.015489
iJR904.xml	obj	PRMICI	0.082975	optimal	0.082975	0.082976
iJR904.xml	obj	PROD2	0.000000	optimal	0.000000	0.000019
iJR904.xml	obj	PROabc	0.000000	optimal	0.000000	0.000027
iJR904.xml	obj	PERD	0.000000	optimal	0.000000	0.000000
iJR904.xml	obj	RBFK	0.000009	optimal	0.000009	0.000009
iJR904.xml	obj	PFK	7.003127	optimal	6.585751	7.003200
iJR904.xml	obj	PFK_2	0.000000	optimal	0.000000	0.000000
iJR904.xml	obj	PROt2r	0.000000	optimal	-999999.000000	0.000000
iJR904.xml	obj	PROt4	0.000000	optimal	0.000000	999999.000000
iJR904.xml	obj	PRPPS	0.866391	optimal	0.866390	0.866411
iJR904.xml	obj	PSCVT	0.378921	optimal	0.378921	0.378921
iJR904.xml	obj	RBFSa	0.000018	optimal	0.000018	0.000019
iJR904.xml	obj	PSD_EC	0.104687	optimal	0.104687	0.104691
iJR904.xml	obj	PUNP1	-0.006454	optimal	-0.483121	-0.006433
iJR904.xml	obj	PSERT	1.964780	optimal	1.964662	1.964797
iJR904.xml	obj	RBFSb	0.000009	optimal	0.000009	0.000009
iJR904.xml	obj	PSP_L	1.964780	optimal	1.964662	1.964797
iJR904.xml	obj	PSSA_EC	0.107084	optimal	0.107084	0.107088
iJR904.xml	obj	RBK	0.000000	optimal	0.000000	0.000000
iJR904.xml	obj	SPMS	0.006454	optimal	0.006454	0.006454
iJR904.xml	obj	PTA2	0.000000	optimal	0.000000	999999.000000
iJR904.xml	obj	RBK_L1	0.000000	optimal	0.000000	0.000000
iJR904.xml	obj	PTAr	-0.528146	optimal	-0.528167	-0.528126
iJR904.xml	obj	SPODM	0.000000	optimal	0.000000	0.000000
iJR904.xml	obj	SSALx	0.000000	optimal	0.000000	0.000021
iJR904.xml	obj	PTPATi	0.000054	optimal	0.000054	0.000054
iJR904.xml	obj	PTRCORNt7	0.000000	optimal	0.000000	0.000027
iJR904.xml	obj	RBP4E	0.000000	optimal	0.000000	0.000000
iJR904.xml	obj	PTRCTA	0.000000	optimal	0.000000	0.000007
iJR904.xml	obj	PTRCabc	0.000000	optimal	0.000000	0.000027
iJR904.xml	obj	SSALy	0.000000	optimal	0.000000	0.000027
iJR904.xml	obj	SUCBZL	0.000000	optimal	0.000000	0.000000
iJR904.xml	obj	SUCBZS	0.000000	optimal	0.000000	0.000000
iJR904.xml	obj	RHCCE	0.000000	optimal	0.000000	0.000000
iJR904.xml	obj	SUCCabc	0.000000	optimal	0.000000	0.000027
iJR904.xml	obj	PTRCt2	0.000000	optimal	-0.000027	0.000000
iJR904.xml	obj	SUCCt2_2	0.000000	optimal	0.000000	0.000082
iJR904.xml	obj	RIBabc	0.000000	optimal	0.000000	0.000000
iJR904.xml	obj	SUCCt2_3	0.000000	optimal	0.000000	0.000041
iJR904.xml	obj	TREpts	0.000000	optimal	0.000000	0.000000
iJR904.xml	obj	RMI	0.000000	optimal	0.000000	0.000000
iJR904.xml	obj	TRPAS2	-0.049785	optimal	-0.049786	-0.049768
iJR904.xml	obj	TRPS1	0.000000	optimal	0.000000	0.000017
iJR904.xml	obj	SUCCt2r	0.000000	optimal	-0.000082	0.000000
iJR904.xml	obj	SUCD1	4.022229	optimal	4.022213	4.700158
iJR904.xml	obj	RMK	0.000000	optimal	0.000000	0.000000
iJR904.xml	obj	SUCD4	4.022229	optimal	4.022213	4.700158
iJR904.xml	obj	TRPS2	0.000000	optimal	0.000000	0.000017
iJR904.xml	obj	TRPS3	0.049785	optimal	0.049768	0.049786
iJR904.xml	obj	RMNt	0.000000	optimal	0.000000	0.000000
iJR904.xml	obj	SUCFUMt	0.000000	optimal	-0.000082	0.000000
iJR904.xml	obj	SUCOAS	-999999.000000	optimal	-999999.000000	-3.561516
iJR904.xml	obj	SUCpts	0.000000	optimal	0.000000	0.000000
iJR904.xml	obj	RMPA	0.000000	optimal	0.000000	0.000000
iJR904.xml	obj	RNDR1	0.000000	optimal	0.000000	0.499431
iJR904.xml	obj	SULR	0.214868	optimal	0.214868	0.214868
iJR904.xml	obj	SULabc	0.214868	optimal	0.214868	0.214868
iJR904.xml	obj	TAGURr	0.000000	optimal	0.000000	0.000000
iJR904.xml	obj	TALA	1.335561	optimal	1.335545	1.335631
iJR904.xml	obj	TRPt2r	0.000000	optimal	-0.000000	0.000000
iJR904.xml	obj	TRSARr	0.000000	optimal	0.000000	0.000012
iJR904.xml	obj	TSULabc	0.000000	optimal	0.000000	0.000000
iJR904.xml	obj	TTDCAt2	0.000000	optimal	0.000000	0.000000
iJR904.xml	obj	TARTD	0.000000	optimal	0.000000	0.000000
iJR904.xml	obj	TYRTA	-0.120775	optimal	-0.120776	-0.120775
iJR904.xml	obj	RNDR2	0.000000	optimal	0.000000	0.500076
iJR904.xml	obj	TYRt2r	0.000000	optimal	-0.000001	0.000000
iJR904.xml	obj	U23GAAT	0.015489	optimal	0.015489	0.015489
iJR904.xml	obj	TARTRt7	0.000000	optimal	0.000000	0.000000
iJR904.xml	obj	TAUDO	0.000000	optimal	0.000000	0.000000
iJR904.xml	obj	TAURabc	0.000000	optimal	0.000000	0.000000
iJR904.xml	obj	TDPADGAT	0.000000	optimal	0.000000	0.000000
iJR904.xml	obj	UAAGDS	0.025446	optimal	0.025446	0.025446
iJR904.xml	obj	UACMAMO	0.000000	optimal	0.000000	0.000000
iJR904.xml	obj	TDPAGTA	0.000000	optimal	0.000000	0.000000
iJR904.xml	obj	UAG2E	0.000000	optimal	0.000000	0.000000
iJR904.xml	obj	RNDR3	0.000000	optimal	0.000000	0.023428
iJR904.xml	obj	UAGAAT	0.015489	optimal	0.015489	0.015489
iJR904.xml	obj	TDPDRE	0.000000	optimal	0.000000	0.000000
iJR904.xml	obj	RNDR4	0.022772	optimal	0.000000	0.499431
iJR904.xml	obj	TDPDRR	0.000000	optimal	0.000000	0.000000
iJR904.xml	obj	TDPGDH	0.000000	optimal	0.000000	0.000000
iJR904.xml	obj	UAGCVT	0.025446	optimal	0.025446	0.025446
iJR904.xml	obj	UAGDP	0.066380	optimal	0.066380	0.066380
iJR904.xml	obj	TDSK	0.007744	optimal	0.007744	0.007744
iJR904.xml	obj	UAGPT3	0.025446	optimal	0.025446	0.025446
iJR904.xml	obj	TGBPA	0.000000	optimal	0.000000	0.000000
iJR904.xml	obj	RNTR1	0.022772	optimal	0.000000	0.499431
iJR904.xml	obj	THD2	0.000000	optimal	0.000000	0.000075
iJR904.xml	obj	THDPS	0.326001	optimal	0.326001	0.326002
iJR904.xml	obj	THMDt2_copy1	999999.000000	optimal	0.000000	999999.000000
iJR904.xml	obj	UAMAGS	0.025446	optimal	0.025446	0.025446
iJR904.xml	obj	UAMAS	0.025446	optimal	0.025446	0.025446
iJR904.xml	obj	UAPGR	0.025446	optimal	0.025446	0.025446
iJR904.xml	obj	UDCPDP	0.025446	optimal	0.025446	0.025446
iJR904.xml	obj	UDCPDPS	0.000000	optimal	0.000000	0.000000
iJR904.xml	obj	THMDt2_copy2	-999999.000000	optimal	-999999.000000	0.000000
iJR904.xml	obj	THMabc	0.000000	optimal	0.000000	0.000000
iJR904.xml	obj	UDPG4E	0.000000	optimal	0.000000	0.000000
iJR904.xml	obj	RNTR2	0.500065	optimal	0.000000	0.500076
iJR904.xml	obj	UDPGALM	0.000000	optimal	0.000000	0.000000
iJR904.xml	obj	UDPGD	0.000000	optimal	0.000000	0.000000
iJR904.xml	obj	THRA	-0.476647	optimal	-0.476659	-0.476530
iJR904.xml	obj	THRD	0.000000	optimal	0.000000	0.000012
iJR904.xml	obj	UGLT	0.000000	optimal	0.000000	0.000000
iJR904.xml	obj	THRD_L	0.254458	optimal	0.254458	0.254462
iJR904.xml	obj	UGLYCH	0.000000	optimal	0.000000	0.000000
iJR904.xml	obj	RNTR3	0.023417	optimal	0.000000	0.023428
iJR904.xml	obj	UGMDDS	0.025446	optimal	0.025446	0.025446
iJR904.xml	obj	UHGADA	0.015489	optimal	0.015489	0.015489
iJR904.xml	obj	THRS	0.000000	optimal	0.000000	0.000118
iJR904.xml	obj	THRabc	0.000000	optimal	0.000000	0.000027
iJR904.xml	obj	THRt2r	0.000000	optimal	-999999.000000	0.000000
iJR904.xml	obj	UMPK	0.323696	optimal	0.323686	0.800355
iJR904.xml	obj	RNTR4	0.000000	optimal	0.000000	0.499431
iJR904.xml	obj	UNK3	0.006454	optimal	0.006454	0.006454
iJR904.xml	obj	THRt4	0.000000	optimal	0.000000	999999.000000
iJR904.xml	obj	THZPSN	0.000000	optimal	0.000000	0.000000
iJR904.xml	obj	UPP3MT	0.000000	optimal	0.000000	0.000000
iJR904.xml	obj	RPE	2.315434	optimal	2.315403	2.315574
iJR904.xml	obj	UPP3S	0.000000	optimal	0.000000	0.000000
iJR904.xml	obj	UPPDC1	0.000000	optimal	0.000000	0.000000
iJR904.xml	obj	TKT1	1.358794	optimal	1.358778	1.358864
iJR904.xml	obj	TKT2	0.956640	optimal	0.956625	0.956710
iJR904.xml	obj	TMAOR1	0.000000	optimal	0.000000	0.000000
iJR904.xml	obj	TMAOR1e	0.000000	optimal	0.000000	0.000000
iJR904.xml	obj	UPPRT	0.000000	optimal	0.000000	0.000021
iJR904.xml	obj	URAt2_copy1	0.000000	optimal	0.000000	999999.000000
iJR904.xml	obj	URAt2_copy2	0.000000	optimal	-999999.000000	0.000000
iJR904.xml	obj	TMAOR2	0.000000	optimal	0.000000	0.000000
iJR904.xml	obj	RPI	-2.708285	optimal	-2.708303	-2.708237
iJR904.xml	obj	TMAOR2e	0.000000	optimal	0.000000	0.000000
iJR904.xml	obj	TMDK1	0.000000	optimal	0.000000	0.000021
iJR904.xml	obj	TMDPP	0.000000	optimal	0.000000	0.000000
iJR904.xml	obj	UREAt	0.000000	optimal	-0.000006	0.000000
iJR904.xml	obj	URIDK2r	-0.022772	optimal	-0.499431	-0.022762
iJR904.xml	obj	RZ5PP	0.000000	optimal	0.000000	0.000000
iJR904.xml	obj	URIK2	0.000000	optimal	0.000000	0.476668
iJR904.xml	obj	URIt2_copy1	0.000000	optimal	0.000000	999999.000000
iJR904.xml	obj	TMDS	0.022772	optimal	0.022772	0.022773
iJR904.xml	obj	S7PI	0.023233	optimal	0.023233	0.023233
iJR904.xml	obj	TMK	0.000000	optimal	0.000000	0.000000
iJR904.xml	obj	TMPK	0.000000	optimal	0.000000	0.000000
iJR904.xml	obj	URIt2_copy2	0.000000	optimal	-999999.000000	0.000000
iJR904.xml	obj	USHD	0.007744	optimal	0.007744	0.007744
iJR904.xml	obj	TMPPP	0.000000	optimal	0.000000	0.000000
iJR904.xml	obj	VALTA	999998.103129	optimal	-0.370624	999998.103129
iJR904.xml	obj	SADH	0.000000	optimal	0.000000	0.000003
iJR904.xml	obj	VALabc	0.000000	optimal	0.000000	0.000027
iJR904.xml	obj	VALt2r	0.000000	optimal	-0.000027	0.000000
iJR904.xml	obj	TPI	6.848396	optimal	6.848376	6.848444
iJR904.xml	obj	TRDR	0.783895	optimal	0.783777	0.783906
iJR904.xml	obj	TRE6PH	0.000000	optimal	0.000000	0.000010
iJR904.xml	obj	VPAMTr	999998.473752	optimal	0.000000	999998.473752
iJR904.xml	obj	SADT2	0.214868	optimal	0.214868	0.214868
iJR904.xml	obj	X5PL3E	0.000000	optimal	0.000000	0.000000
iJR904.xml	obj	TRE6PP	0.000000	optimal	0.000000	0.000007
iJR904.xml	obj	TRE6PS	0.000000	optimal	0.000000	0.000010
iJR904.xml	obj	TREH	0.000000	optimal	0.000000	0.000007
iJR904.xml	obj	TREHe	0.000000	optimal	0.000000	0.000000
iJR904.xml	obj	XANt	0.000000	optimal	-0.000082	0.000000
iJR904.xml	obj	XANt2	0.000000	optimal	0.000000	0.000082
iJR904.xml	obj	XPPT	0.000000	optimal	0.000000	0.000010
iJR904.xml	obj	XTSNt2	0.000000	optimal	-0.000001	0.000000
iJR904.xml	obj	XYLI1	0.000000	optimal	0.000000	0.000000
iJR904.xml	obj	XYLI2	0.000000	optimal	0.000000	0.000000
iJR904.xml	obj	SBTPD	0.000000	optimal	0.000000	0.000000
iJR904.xml	obj	XYLK	0.000000	optimal	0.000000	0.000000
iJR904.xml	obj	SBTpts	0.000000	optimal	0.000000	0.000000
iJR904.xml	obj	XYLabc	0.000000	optimal	0.000000	0.000000
iJR904.xml	obj	XYLt2	0.000000	optimal	0.000000	0.000000
iJR904.xml	obj	SDPDS	0.326001	optimal	0.326001	0.326002
iJR904.xml	obj	SDPTA	-0.326001	optimal	-0.326002	-0.326001
iJR904.xml	obj	SELNPS	0.000000	optimal	0.000000	0.000000
iJR904.xml	obj	SERASr	0.000000	optimal	0.000000	0.000000
iJR904.xml	obj	SERAT	0.214868	optimal	0.214868	0.214878
iJR904.xml	obj	SERD_D	0.000000	optimal	0.000000	0.000000
iJR904.xml	obj	SERD_L	0.000000	optimal	0.000000	0.000017
iJR904.xml	obj	SERt2r	0.000000	optimal	-999999.000000	0.000000
iJR904.xml	obj	SERt4	0.000000	optimal	0.000000	999999.000000
iJR904.xml	obj	SGDS	0.000000	optimal	0.000000	0.000003
iJR904.xml	obj	SGSAD	0.000000	optimal	0.000000	0.000003
iJR904.xml	obj	SHCHCS2	0.000000	optimal	0.000000	0.000000
iJR904.xml	obj	SHCHD2	0.000000	optimal	0.000000	0.000000
iJR904.xml	obj	SHCHF	0.000000	optimal	0.000000	0.000000
iJR904.xml	obj	SHK3Dr	0.378921	optimal	0.378921	0.378921
iJR904.xml	obj	SHKK	0.378921	optimal	0.378921	0.378921
iJR904.xml	obj	SHSL1	0.134604	optimal	0.134604	0.134604
iJR904.xml	obj	SOTA	0.000000	optimal	0.000000	0.000003
iJR904.xml	obj	SPMDAT1	0.000000	optimal	0.000000	0.000000
iJR904.xml	obj	SPMDAT2	0.000000	optimal	0.000000	0.000000
iJR904.xml	obj	SPMDabc	0.000000	optimal	0.000000	0.000000
